FAOname,FAOshort,FAOlong,ISO3,ISO2,UNI,UNDP,FAOSTAT,GAUL,WEMname,WEMcategory,BLUEname,Griscom2017name,Griscom2020name,CIAworldfactbook,worldshapename,,
Afghanistan,Afghanistan,the Islamic Republic of Afghanistan,AFG,AF,4,AFG,2,1,Afghanistan,Rest of Central Asia,Afghanistan,Afghanistan,NA,Afghanistan,Afghanistan,,
Albania,Albania,the Republic of Albania,ALB,AL,8,ALB,3,3,Albania,Rest of Europe East Other,Albania,Albania,NA,Albania,Albania,,
Algeria,Algeria,the People's Democratic Republic of Algeria,DZA,DZ,12,DZA,4,4,Algeria,Algeria,Algeria,Algeria,NA,Algeria,Algeria,,
American Samoa,NA,NA,NA,NA,NA,NA,NA,NA,American Samoa,Rest of Oceania,NA,NA,NA,American Samoa,American Samoa,,
Andorra,Andorra,the Principality of Andorra,AND,AD,20,AND,6,7,Andorra,Rest of Europe West Other,Andorra,Andorra,NA,Andorra,Andorra,,
Angola,Angola,the Republic of Angola,AGO,AO,24,AGO,7,8,Angola,Angola,Angola,Angola,Angola,Angola,Angola,,
Anguilla,NA,NA,NA,NA,NA,NA,NA,NA,Anguilla,Rest of Central America & Caribbean,NA,NA,NA,Anguilla,Anguilla,,
Antigua and Barbuda,Antigua and Barbuda,Antigua and Barbuda,ATG,AG,28,ATG,8,11,Antigua and Barbuda,Rest of Central America & Caribbean,NA,Antigua and Barbuda,NA,Antigua and Barbuda,Antigua and Barbuda,,
Argentina,Argentina,the Argentine Republic,ARG,AR,32,ARG,9,12,Argentina,Argentina,Argentina,Argentina,NA,Argentina,Argentina,,
Armenia,Armenia,the Republic of Armenia,ARM,AM,51,ARM,1,13,Armenia,Rest of Europe East Other,Armenia,Armenia,NA,Armenia,Armenia,,
Aruba,NA,NA,NA,NA,NA,NA,NA,NA,Aruba,Rest of Central America & Caribbean,NA,NA,NA,Aruba,Aruba,,
Australia,Australia,Australia,AUS,AU,36,AUS,10,17,Australia,Australia,Australia,Australia,NA,Australia,Australia,,
Austria,Austria,the Republic of Austria,AUT,AT,40,AUT,11,18,Austria,Austria,Austria,Austria,NA,Austria,Austria,,
Azerbaijan,Azerbaijan,the Republic of Azerbaijan,AZE,AZ,31,AZE,52,19,Azerbaijan,Azerbaijan,Azerbaijan,Azerbaijan,NA,Azerbaijan,Azerbaijan,,
Bahamas,Bahamas,the Commonwealth of the Bahamas,BHS,BS,44,BHS,12,20,Bahamas,Rest of Central America & Caribbean,Bahamas,Bahamas,NA,Bahamas,Bahamas,,
Bahrain,Bahrain,the Kingdom of Bahrain,BHR,BH,48,BHR,13,21,Bahrain,Rest of Arabian peninsula,Bahrain,Bahrain,NA,Bahrain,Bahrain,,
Bangladesh,Bangladesh,the People's Republic of Bangladesh,BGD,BD,50,BGD,16,23,Bangladesh,Bangladesh,Bangladesh,Bangladesh,Bangladesh,Bangladesh,Bangladesh,,
Barbados,Barbados,Barbados,BRB,BB,52,BRB,14,24,Barbados,Rest of Central America & Caribbean,Barbados,Barbados,NA,Barbados,Barbados,,
Belarus,Belarus,the Republic of Belarus,BLR,BY,112,BLR,57,26,Belarus,Belarus,Belarus,Belarus,NA,Belarus,Belarus,,
Belgium,Belgium,the Kingdom of Belgium,BEL,BE,56,BEL,255,27,Belgium,Belgium,Belgium,Belgium,NA,Belgium,Belgium,,
Belgium-Luxembourg,NA,NA,NA,NA,NA,NA,NA,NA,NA,NA,NA,NA,NA,NA,NA,,
Belize,Belize,Belize,BLZ,BZ,84,BLZ,23,28,Belize,Rest of Central America & Caribbean,Belize,Belize,Belize,Belize,Belize,,
Benin,Benin,the Republic of Benin,BEN,BJ,204,BEN,53,29,Benin,Rest of West Africa,Benin,Benin,Benin,Benin,Benin,,
Bermuda,NA,NA,NA,NA,NA,NA,NA,NA,Bermuda,Rest of North America,NA,NA,NA,Bermuda,Bermuda,,
Bhutan,Bhutan,the Kingdom of Bhutan,BTN,BT,64,BTN,18,31,Bhutan,Rest of South Asia,Bhutan,Bhutan,NA,Bhutan,Bhutan,,
Bolivia (Plurinational State of),Bolivia (Plurinational State of),the Plurinational State of Bolivia,BOL,BO,68,BOL,19,33,Bolivia,Rest of South America,Bolivia,Bolivia,Bolivia,Bolivia,Bolivia,,
Bosnia and Herzegovina,Bosnia and Herzegovina,Bosnia and Herzegovina,BIH,BA,70,BIH,80,34,Bosnia and Herzegovina,Rest of Europe East Other,BosniaandHerzegovina,Bosnia / Herzegovina,NA,Bosnia and Herzegovina,Bosnia and Herzegovina,,
Botswana,Botswana,the Republic of Botswana,BWA,BW,72,BWA,20,35,Botswana,Rest of Southern Africa,Botswana,Botswana,Botswana,Botswana,Botswana,,
Brazil,Brazil,the Federative Republic of Brazil,BRA,BR,76,BRA,21,37,Brazil,Brazil,Brazil,Brazil,Brazil,Brazil,Brazil,,
British Virgin Islands,NA,NA,NA,NA,NA,NA,NA,NA,British Virgin Islands,Rest of Central America & Caribbean,BritishVirginIslands,NA,NA,British Virgin Islands,British Virgin Islands,,
Brunei Darussalam,Brunei Darussalam,Brunei Darussalam,BRN,BN,96,BRN,26,40,Brunei,Rest of SE Asia,Brunei,Brunei Darussalam,NA,Brunei,Brunei Darussalam,,
Bulgaria,Bulgaria,the Republic of Bulgaria,BGR,BG,100,BGR,27,41,Bulgaria,Bulgaria,Bulgaria,Bulgaria,NA,Bulgaria,Bulgaria,,
Burkina Faso,Burkina Faso,Burkina Faso,BFA,BF,854,BFA,233,42,Burkina Faso,Rest of West Africa,BurkinaFaso,Burkina Faso,Burkina Faso,Burkina Faso,Burkina Faso,,
Burundi,Burundi,the Republic of Burundi,BDI,BI,108,BDI,29,43,Burundi,Rest of East Africa,Burundi,Burundi,Burundi,Burundi,Burundi,,
Cabo Verde,Cabo Verde,Republic of Cabo Verde,CPV,CV,132,CPV,35,47,Cabo Verde,Rest of West Africa,NA,Cape Verde,NA,Cape Verde,Cape Verde,,
Cambodia,Cambodia,the Kingdom of Cambodia,KHM,KH,116,KHM,115,44,Cambodia,Rest of SE Asia,Cambodia,Cambodia,Cambodia,Cambodia,Cambodia,,
Cameroon,Cameroon,the Republic of Cameroon,CMR,CM,120,CMR,32,45,Cameroon,Rest of West Africa,Cameroon,Cameroon,Cameroon,Cameroon,Cameroon,,
Canada,Canada,Canada,CAN,CA,124,CAN,33,46,Canada,Canada,Canada,Canada,NA,Canada,Canada,,
Cayman Islands,NA,NA,NA,NA,NA,NA,NA,NA,Cayman Islands,Rest of Central America & Caribbean,NA,NA,NA,Cayman Islands,Cayman Islands,,
Central African Republic,Central African Republic,the Central African Republic,CAF,CF,140,CAF,37,49,Central African Republic,Rest of East Africa,CentralAfricanRepublic,Central African Republic,Central African Rep.,Central African Republic,Central African Republic,,
Chad,Chad,the Republic of Chad,TCD,TD,148,TCD,39,50,Chad,Rest of East Africa,Chad,Chad,Chad,Chad,Chad,,
Channel Islands,NA,NA,NA,NA,NA,NA,NA,NA,Channel Islands,Rest of Europe West Other,NA,NA,NA,NA,NA,,
Chile,Chile,the Republic of Chile,CHL,CL,152,CHL,40,51,Chile,Chile,Chile,Chile,NA,Chile,Chile,,
"China, mainland",China,the People's Republic of China,CHN,CN,156,CHN,41,53,China,China,China,China,NA,China,China,,
Colombia,Colombia,the Republic of Colombia,COL,CO,170,COL,44,57,Colombia,Colombia,Colombia,Colombia,Colombia,Colombia,Colombia,,
Comoros,Comoros,the Union of the Comoros,COM,KM,174,COM,45,58,Comoros,Rest of East Africa,NA,Comoros,NA,Comoros,Comoros,,
Congo,Congo,the Republic of the Congo,COG,CG,178,COG,46,59,Congo-Brazzaville,Rest of West Africa,Congo,Republic of Congo,Rep. of Congo,Congo (Republic),Congo,,
Cook Islands,Cook Islands,the Cook Islands,COK,CK,184,COK,47,60,Cook Islands,Rest of Oceania,CookIslands,Cook Islands,NA,Cook Islands,Cook Islands,,
Costa Rica,Costa Rica,the Republic of Costa Rica,CRI,CR,188,CRI,48,61,Costa Rica,Rest of Central America & Caribbean,CostaRica,Costa Rica,Costa Rica,Costa Rica,Costa Rica,,
Côte d'Ivoire,Côte d'Ivoire,the Republic of Côte d'Ivoire,CIV,CI,384,CIV,107,66,Côte d'Ivoire,Rest of West Africa,IvoryCoast,Cote d Ivoire,Cote d'Ivoire,Cote d'Ivoire (Ivory Coast),Cote d'Ivoire,,
Croatia,Croatia,the Republic of Croatia,HRV,HR,191,HRV,98,62,Croatia,Rest of EU New 13,Croatia,Croatia,NA,Croatia,Croatia,,
Cuba,Cuba,the Republic of Cuba,CUB,CU,192,CUB,49,63,Cuba,Rest of Central America & Caribbean,Cuba,Cuba,Cuba,Cuba,Cuba,,
Cyprus,Cyprus,the Republic of Cyprus,CYP,CY,196,CYP,50,64,Cyprus,Rest of EU New 13,Cyprus,Cyprus,NA,Cyprus,Cyprus,,
Czechia,Czechia,the Czech Republic,CZE,CZ,203,CZE,167,65,Czech Republic,Czech Republic,CzechRepublic,Czech Republic,NA,Czech Republic,Czech Republic,,
Czechoslovakia,NA,NA,NA,NA,NA,NA,NA,NA,NA,NA,NA,NA,NA,NA,NA,,
Democratic People's Republic of Korea,Democratic People's Republic of Korea,the Democratic People's Republic of Korea,PRK,KP,408,PRK,116,67,North Korea,North Korea,NorthKorea,Dem Peoples Rep of Korea,NA,Korea (North),"Korea, Democratic People's Republic of",,
Democratic Republic of the Congo,Democratic Republic of the Congo,the Democratic Republic of the Congo,COD,CD,180,COD,250,68,DR Congo,DR Congo,DemocraticRepublicoftheCongo,Dem Republic of the Congo,Dem. Rep. of the Congo (DRC),Congo (Democratic Republic),Democratic Republic of the Congo,,
Denmark,Denmark,the Kingdom of Denmark,DNK,DK,208,DNK,54,69,Denmark,Denmark,Denmark,Denmark (including Greenland),NA,Denmark,Denmark,,
Djibouti,Djibouti,the Republic of Djibouti,DJI,DJ,262,DJI,72,70,Djibouti,Rest of East Africa,Djibouti,Djibouti,NA,Djibouti,Djibouti,,
Dominica,Dominica,the Commonwealth of Dominica,DMA,DM,212,DMA,55,71,Dominica,Rest of Central America & Caribbean,Dominica,Dominica,NA,Dominica,Dominica,,
Dominican Republic,Dominican Republic,the Dominican Republic,DOM,DO,214,DOM,56,72,Dominican Republic,Rest of Central America & Caribbean,DominicanRepublic,Dominican Republic,Dominican Republic,Dominican Republic,Dominican Republic,,
Ecuador,Ecuador,the Republic of Ecuador,ECU,EC,218,ECU,58,73,Ecuador,Ecuador,Ecuador,Ecuador,Ecuador,Ecuador,Ecuador,,
Egypt,Egypt,the Arab Republic of Egypt,EGY,EG,818,EGY,59,40765,Egypt,Egypt,Egypt,Egypt,NA,Egypt,Egypt,,
El Salvador,El Salvador,the Republic of El Salvador,SLV,SV,222,SLV,60,75,El Salvador,Rest of Central America & Caribbean,ElSalvador,El Salvador,El Salvador,El Salvador,El Salvador,,
Equatorial Guinea,Equatorial Guinea,the Republic of Equatorial Guinea,GNQ,GQ,226,GNQ,61,76,Equatorial Guinea,Rest of West Africa,EquatorialGuinea,Equatorial Guinea,Equatorial Guinea,Equatorial Guinea,Equatorial Guinea,,
Eritrea,Eritrea,the State of Eritrea,ERI,ER,232,ERI,178,77,Eritrea,Rest of East Africa,Eritrea,Eritrea,Eritrea,Eritrea,Eritrea,,
Estonia,Estonia,the Republic of Estonia,EST,EE,233,EST,63,78,Estonia,Baltic States,Estonia,Estonia,NA,Estonia,Estonia,,
Eswatini,Eswatini,the Kingdom of Eswatini,SWZ,SZ,748,SWZ,209,235,Swaziland,Rest of Southern Africa,Swaziland,Swaziland,NA,Eswatini,Swaziland,,
Ethiopia,Ethiopia,the Federal Democratic Republic of Ethiopia,ETH,ET,231,ETH,238,79,Ethiopia,Ethiopia,Ethiopia,Ethiopia,Ethiopia,Ethiopia,Ethiopia,,
Ethiopia PDR,NA,NA,NA,NA,NA,NA,NA,NA,NA,NA,NA,NA,NA,NA,NA,,
Falkland Islands (Malvinas),NA,NA,NA,NA,NA,NA,NA,NA,Falkland Islands,Rest of South America,NA,NA,NA,Falkland Islands,Falkland Islands (Malvinas),,
Faroe Islands,Faroe Islands,Faroe Islands,FRO,FO,234,FRO,64,82,Faroe Islands,Rest of Europe West Other,NA,NA,NA,Faroe Islands,Faroe Islands,,
Fiji,Fiji,the Republic of Fiji,FJI,FJ,242,FJI,66,83,Fiji,Rest of Oceania,Fiji,Fiji,NA,Fiji,Fiji,,
Finland,Finland,the Republic of Finland,FIN,FI,246,FIN,67,84,Finland,Finland,Finland,Finland,NA,Finland,Finland,,
France,France,the French Republic,FRA,FR,250,FRA,68,85,France,France,France,France,NA,France,France,,
French Guiana,NA,NA,NA,NA,NA,NA,NA,NA,French Guiana,Rest of South America,FrenchGuiana,French Guiana,French Guiana (France),NA,French Guiana,,
French Polynesia,NA,NA,NA,NA,NA,NA,NA,NA,French Polynesia,Rest of Oceania,FrenchPolynesia,NA,NA,French Polynesia,French Polynesia,,
Gabon,Gabon,the Gabonese Republic,GAB,GA,266,GAB,74,89,Gabon,Rest of West Africa,Gabon,Gabon,Gabon,Gabon,Gabon,,
Gambia,Gambia,the Republic of the Gambia,GMB,GM,270,GMB,75,90,Gambia,Rest of West Africa,Gambia,Gambia,"Gambia, The",Gambia,Gambia,,
Georgia,Georgia,Georgia,GEO,GE,268,GEO,73,92,Georgia,Rest of Europe East Other,Georgia,Georgia,NA,Georgia,Georgia,,
Germany,Germany,the Federal Republic of Germany,DEU,DE,276,DEU,79,93,Germany,Germany,Germany,Germany,NA,Germany,Germany,,
Ghana,Ghana,the Republic of Ghana,GHA,GH,288,GHA,81,94,Ghana,Rest of West Africa,Ghana,Ghana,Ghana,Ghana,Ghana,,
Gibraltar,NA,NA,NA,NA,NA,NA,NA,NA,Gibraltar,Rest of Europe West Other,NA,NA,NA,Gibraltar,Gibraltar,,
Greece,Greece,the Hellenic Republic,GRC,GR,300,GRC,84,97,Greece,Greece,Greece,Greece,NA,Greece,Greece,,
Greenland,NA,NA,NA,NA,NA,NA,NA,NA,Greenland,Rest of North America,NA,NA,NA,Greenland,Greenland,,
Grenada,Grenada,Grenada,GRD,GD,308,GRD,86,99,Grenada,Rest of Central America & Caribbean,NA,Grenada,NA,Grenada,Grenada,,
Guadeloupe,NA,NA,NA,NA,NA,NA,NA,NA,Guadeloupe,Rest of Central America & Caribbean,Guadeloupe,NA,NA,NA,Guadeloupe,,
Guam,NA,NA,NA,NA,NA,NA,NA,NA,Guam,Rest of Oceania,NA,NA,NA,Guam,Guam,,
Guatemala,Guatemala,the Republic of Guatemala,GTM,GT,320,GTM,89,103,Guatemala,Rest of Central America & Caribbean,Guatemala,Guatemala,Guatemala,Guatemala,Guatemala,,
Guinea,Guinea,the Republic of Guinea,GIN,GN,324,GIN,90,106,Guinea,Rest of West Africa,Guinea,Guinea,Guinea,Guinea,Guinea,,
Guinea-Bissau,Guinea-Bissau,the Republic of Guinea-Bissau,GNB,GW,624,GNB,175,105,Guinea-Bissau,Rest of West Africa,GuineaBissau,Guinea-Bissau,Guinea-Bissau,Guinea-Bissau,Guinea-Bissau,,
Guyana,Guyana,the Co-operative Republic of Guyana,GUY,GY,328,GUY,91,107,Guyana,Rest of South America,Guyana,Guyana,Guyana,Guyana,Guyana,,
Haiti,Haiti,the Republic of Haiti,HTI,HT,332,HTI,93,108,Haiti,Rest of Central America & Caribbean,Haiti,Haiti,Haiti,Haiti,Haiti,,
Holy See,NA,NA,NA,NA,NA,NA,NA,NA,Vatican,Rest of Europe West Other,NA,NA,NA,Vatican City,Holy See (Vatican City),,
Honduras,Honduras,the Republic of Honduras,HND,HN,340,HND,95,111,Honduras,Rest of Central America & Caribbean,Honduras,Honduras,Honduras,Honduras,Honduras,,
"China, Hong Kong SAR",NA,NA,NA,NA,NA,NA,NA,NA,Hong Kong,Rest of East Asia,NA,NA,NA,Hong Kong,Hong Kong,,
Hungary,Hungary,Hungary,HUN,HU,348,HUN,97,113,Hungary,Hungary,Hungary,Hungary,NA,Hungary,Hungary,,
Iceland,Iceland,the Republic of Iceland,ISL,IS,352,ISL,99,114,Iceland,Rest of Europe West Other,Iceland,Iceland,NA,Iceland,Iceland,,
India,India,the Republic of India,IND,IN,356,IND,100,115,India,India,India,India,India,India,India,,
Indonesia,Indonesia,the Republic of Indonesia,IDN,ID,360,IDN,101,116,Indonesia,Indonesia,Indonesia,Indonesia,Indonesia,Indonesia,Indonesia,,
NA,NA,NA,NA,NA,NA,NA,NA,NA,International marine bunkers,International marine bunkers,NA,NA,NA,NA,NA,,
Iran (Islamic Republic of),Iran (Islamic Republic of),the Islamic Republic of Iran,IRN,IR,364,IRN,102,117,Iran,Iran,Iran,Iran,NA,Iran,Iran (Islamic Republic of),,
Iraq,Iraq,the Republic of Iraq,IRQ,IQ,368,IRQ,103,118,Iraq,Iraq,Iraq,Iraq,NA,Iraq,Iraq,,
Ireland,Ireland,Ireland,IRL,IE,372,IRL,104,119,Ireland,Ireland,Ireland,Ireland,NA,Ireland,Ireland,,
Isle of Man,NA,NA,NA,NA,NA,NA,NA,NA,Isle of Man,Rest of Europe West Other,NA,NA,NA,Isle of Man,Isle of Man,,
Israel,Israel,the State of Israel,ISR,IL,376,ISR,105,121,Israel,Israel,Israel,Israel,NA,Israel,Israel,,
Italy,Italy,the Republic of Italy,ITA,IT,380,ITA,106,122,Italy,Italy,Italy,Italy,NA,Italy,Italy,,
Jamaica,Jamaica,Jamaica,JAM,JM,388,JAM,109,123,Jamaica,Rest of Central America & Caribbean,Jamaica,Jamaica,Jamaica,Jamaica,Jamaica,,
Japan,Japan,Japan,JPN,JP,392,JPN,110,126,Japan,Japan,Japan,Japan,NA,Japan,Japan,,
Jordan,Jordan,the Hashemite Kingdom of Jordan,JOR,JO,400,JOR,112,130,Jordan,Rest of Middle East,Jordan,Jordan,NA,Jordan,Jordan,,
Kazakhstan,Kazakhstan,the Republic of Kazakhstan,KAZ,KZ,398,KAZ,108,132,Kazakhstan,Kazakhstan,Kazakhstan,Kazakhstan,NA,Kazakhstan,Kazakhstan,,
Kenya,Kenya,the Republic of Kenya,KEN,KE,404,KEN,114,133,Kenya,Kenya,Kenya,Kenya,Kenya,Kenya,Kenya,,
Kiribati,Kiribati,the Republic of Kiribati,KIR,KI,296,KIR,83,135,Kiribati,Rest of Oceania,NA,Kiribati,NA,Kiribati,Kiribati,,
Kuwait,Kuwait,the State of Kuwait,KWT,KW,414,KWT,118,137,Kuwait,Kuwait,Kuwait,Kuwait,NA,Kuwait,Kuwait,,
Kyrgyzstan,Kyrgyzstan,the Kyrgyz Republic,KGZ,KG,417,KGZ,113,138,Kyrgyzstan,Rest of Central Asia,Kyrgyzstan,Kyrgyzstan,NA,Kyrgyzstan,Kyrgyzstan,,
Lao People's Democratic Republic,Lao People's Democratic Republic,the Lao People's Democratic Republic,LAO,LA,418,LAO,120,139,Laos,Rest of SE Asia,Laos,Laos,Laos,Laos,Lao People's Democratic Republic,,
Latvia,Latvia,the Republic of Latvia,LVA,LV,428,LVA,119,140,Latvia,Baltic States,Latvia,Latvia,NA,Latvia,Latvia,,
Lebanon,Lebanon,the Lebanese Republic,LBN,LB,422,LBN,121,141,Lebanon,Rest of Middle East,Lebanon,Lebanon,NA,Lebanon,Lebanon,,
Lesotho,Lesotho,the Kingdom of Lesotho,LSO,LS,426,LSO,122,142,Lesotho,Rest of Southern Africa,Lesotho,Lesotho,NA,Lesotho,Lesotho,,
Liberia,Liberia,the Republic of Liberia,LBR,LR,430,LBR,123,144,Liberia,Rest of West Africa,Liberia,Liberia,Liberia,Liberia,Liberia,,
Libya,Libya,State of Libya,LBY,LY,434,LBY,124,145,Libya,Libya,Libya,Libya,NA,Libya,Libyan Arab Jamahiriya,,
Liechtenstein,NA,NA,NA,NA,NA,NA,NA,NA,Liechtenstein,Rest of Europe West Other,Liechtenstein,Liechtenstein,NA,Liechtenstein,Liechtenstein,,
Lithuania,Lithuania,the Republic of Lithuania,LTU,LT,440,LTU,126,147,Lithuania,Baltic States,Lithuania,Lithuania,NA,Lithuania,Lithuania,,
Luxembourg,Luxembourg,the Grand Duchy of Luxembourg,LUX,LU,442,LUX,256,148,Luxembourg,Luxembourg,Luxembourg,Luxembourg,NA,Luxembourg,Luxembourg,,
"China, Macao SAR",NA,NA,NA,NA,NA,NA,NA,NA,Macau,Rest of East Asia,NA,NA,NA,Macau,Macau,,
Madagascar,Madagascar,the Republic of Madagascar,MDG,MG,450,MDG,129,150,Madagascar,Rest of East Africa,Madagascar,Madagascar,Madagascar,Madagascar,Madagascar,,
Malawi,Malawi,the Republic of Malawi,MWI,MW,454,MWI,130,152,Malawi,Rest of Southern Africa,Malawi,Malawi,Malawi,Malawi,Malawi,,
Malaysia,Malaysia,Malaysia,MYS,MY,458,MYS,131,153,Malaysia,Malaysia,Malaysia,Malaysia,Malaysia,Malaysia,Malaysia,,
Maldives,Maldives,the Republic of Maldives,MDV,MV,462,MDV,132,154,Maldives,Rest of South Asia,NA,Maldives,NA,Maldives,Maldives,,
Mali,Mali,the Republic of Mali,MLI,ML,466,MLI,133,155,Mali,Rest of West Africa,Mali,Mali,Mali,Mali,Mali,,
Malta,Malta,the Republic of Malta,MLT,MT,470,MLT,134,156,Malta,Rest of EU New 13,Malta,Malta,NA,Malta,Malta,,
Marshall Islands,Marshall Islands,the Republic of the Marshall Islands,MHL,MH,584,MHL,127,157,Marshall Islands,Rest of Oceania,NA,Marshall Islands,NA,Marshall Islands,Marshall Islands,,
Martinique,NA,NA,NA,NA,NA,NA,NA,NA,Martinique,Rest of Central America & Caribbean,Martinique,NA,NA,NA,Martinique,,
Mauritania,Mauritania,the Islamic Republic of Mauritania,MRT,MR,478,MRT,136,159,Mauritania,Rest of North Africa,Mauritania,Mauritania,Mauritania,Mauritania,Mauritania,,
Mauritius,Mauritius,the Republic of Mauritius,MUS,MU,480,MUS,137,160,Mauritius,Rest of East Africa,NA,Mauritius,NA,Mauritius,Mauritius,,
Mayotte,NA,NA,NA,NA,NA,NA,NA,NA,Mayotte,Rest of East Africa,NA,NA,NA,NA,Mayotte,,
Mexico,Mexico,the United Mexican States,MEX,MX,484,MEX,138,162,Mexico,Mexico,Mexico,Mexico,Mexico,Mexico,Mexico,,
Micronesia (Federated States of),Micronesia (Federated States of),the Federated States of Micronesia,FSM,FM,583,FSM,145,163,Micronesia Fed States,Rest of Oceania,Micronesia,Micronesia,NA,Micronesia,"Micronesia, Federated States of",,
Monaco,Monaco,the Principality of Monaco,MCO,MC,492,MCO,140,166,Monaco,Rest of Europe West Other,NA,Monaco,NA,Monaco,Monaco,,
Mongolia,Mongolia,Mongolia,MNG,MN,496,MNG,141,167,Mongolia,Rest of Central Asia,Mongolia,Mongolia,NA,Mongolia,Mongolia,,
Montenegro,Montenegro,Montenegro,MNE,ME,499,MNE,273,2647,Montenegro,Rest of Europe East Other,Montenegro,Montenegro,NA,Montenegro,Montenegro,,
Montserrat,NA,NA,NA,NA,NA,NA,NA,NA,Montserrat,Rest of Central America & Caribbean,NA,NA,NA,Montserrat,Montserrat,,
Morocco,Morocco,the Kingdom of Morocco,MAR,MA,504,MAR,143,169,Morocco,Morocco,Morocco,Morocco,NA,Morocco,Morocco,,
Mozambique,Mozambique,the Republic of Mozambique,MOZ,MZ,508,MOZ,144,170,Mozambique,Mozambique,Mozambique,Mozambique,Mozambique,Mozambique,Mozambique,,
Myanmar,Myanmar,the Republic of the Union of Myanmar,MMR,MM,104,MMR,28,171,Myanmar,Myanmar,Myanmar,Myanmar,Myanmar,Myanmar (Burma),Burma,,
Namibia,Namibia,the Republic of Namibia,NAM,NA,516,NAM,147,172,Namibia,Rest of Southern Africa,Namibia,Namibia,Namibia,Namibia,Namibia,,
Nauru,Nauru,the Republic of Nauru,NRU,NR,520,NRU,148,173,Nauru,Rest of Oceania,NA,NA,NA,Nauru,Nauru,,
Nepal,Nepal,the Federal Democratic Republic of Nepal,NPL,NP,524,NPL,149,175,Nepal,Rest of South Asia,Nepal,Nepal,NA,Nepal,Nepal,,
Netherlands,Netherlands,the Kingdom of the Netherlands,NLD,NL,528,NLD,150,177,Netherlands,Netherlands,Netherlands,Netherlands,NA,Netherlands,Netherlands,,
Netherlands Antilles (former),NA,NA,NA,NA,NA,NA,NA,NA,Caribbean Netherlands,Rest of Central America & Caribbean,NA,NA,NA,NA,Netherlands Antilles,,
New Caledonia,NA,NA,NA,NA,NA,NA,NA,NA,New Caledonia,Rest of Oceania,NewCaledonia,NA,NA,NA,New Caledonia,,
New Zealand,New Zealand,New Zealand,NZL,NZ,554,NZL,156,179,New Zealand,New Zealand,NewZealand,New Zealand,NA,New Caledonia,New Zealand,,
Nicaragua,Nicaragua,the Republic of Nicaragua,NIC,NI,558,NIC,157,180,Nicaragua,Rest of Central America & Caribbean,Nicaragua,Nicaragua,Nicaragua,New Zealand,Nicaragua,,
Niger,Niger,the Republic of the Niger,NER,NE,562,NER,158,181,Niger,Rest of West Africa,Niger,Niger,Niger,Nicaragua,Niger,,
Nigeria,Nigeria,the Federal Republic of Nigeria,NGA,NG,566,NGA,159,182,Nigeria,Nigeria,Nigeria,Nigeria,Nigeria,Niger,Nigeria,,
Niue,Niue,Niue,NIU,NU,570,NIU,160,183,Niue,Rest of Oceania,Niue,NA,NA,Nigeria,Niue,,
Norfolk Island,NA,NA,NA,NA,NA,NA,NA,NA,NA,NA,NA,NA,NA,Niue,Norfolk Island,,
North Macedonia,North Macedonia,the Republic of North Macedonia,MKD,MK,807,MKD,154,241,Macedonia FYR,Rest of Europe East Other,Macedonia,Macedonia (FYROM),NA,North Macedonia,The former Yugoslav Republic of Macedonia,,
Northern Mariana Islands,NA,NA,NA,NA,NA,NA,NA,NA,Northern Mariana Islands,Rest of Oceania,NA,NA,NA,Northern Mariana Islands,Northern Mariana Islands,,
Norway,Norway,the Kingdom of Norway,NOR,NO,578,NOR,162,186,Norway,Norway,Norway,Norway,NA,Norway,Norway,,
Oman,Oman,the Sultanate of Oman,OMN,OM,512,OMN,221,187,Oman,Oman,Oman,Oman,NA,Oman,Oman,,
Pacific Islands Trust Territory,NA,NA,NA,NA,NA,NA,NA,NA,NA,NA,NA,NA,NA,NA,NA,,
Pakistan,Pakistan,the Islamic Republic of Pakistan,PAK,PK,586,PAK,165,188,Pakistan,Pakistan,Pakistan,Pakistan,NA,Pakistan,Pakistan,,
Palau,Palau,the Republic of Palau,PLW,PW,585,PLW,180,189,Palau,Rest of Oceania,NA,Palau,NA,Palau,Palau,,
Palestine,NA,NA,NA,NA,NA,NA,NA,NA,Palestinian Territories,Rest of Middle East,NA,NA,NA,Palestinian Territories,Palestine,,
Panama,Panama,the Republic of Panama,PAN,PA,591,PAN,166,191,Panama,Rest of Central America & Caribbean,Panama,Panama,Panama,Panama,Panama,,
Papua New Guinea,Papua New Guinea,Independent State of Papua New Guinea,PNG,PG,598,PNG,168,192,Papua New Guinea,Rest of Oceania,PapuaNewGuinea,Papua New Guinea,Papua New Guinea,Papua New Guinea,Papua New Guinea,,
Paraguay,Paraguay,the Republic of Paraguay,PRY,PY,600,PRY,169,194,Paraguay,Rest of South America,Paraguay,Paraguay,Paraguay,Paraguay,Paraguay,,
Peru,Peru,the Republic of Peru,PER,PE,604,PER,170,195,Peru,Peru,Peru,Peru,Peru,Peru,Peru,,
Philippines,Philippines,the Republic of the Philippines,PHL,PH,608,PHL,171,196,Philippines,Philippines,Philippines,Philippines,Philippines,Philippines,Philippines,,
Pitcairn Islands,NA,NA,NA,NA,NA,NA,NA,NA,NA,NA,NA,NA,NA,NA,Pitcairn Islands,,
Poland,Poland,the Republic of Poland,POL,PL,616,POL,173,198,Poland,Poland,Poland,Poland,NA,Poland,Poland,,
Portugal,Portugal,the Portuguese Republic,PRT,PT,620,PRT,174,199,Portugal,Portugal,Portugal,Portugal,NA,Portugal,Portugal,,
Puerto Rico,NA,NA,NA,NA,NA,NA,NA,NA,Puerto Rico,Rest of Central America & Caribbean,NA,NA,NA,Puerto Rico,Puerto Rico,,
Qatar,Qatar,the State of Qatar,QAT,QA,634,QAT,179,201,Qatar,Qatar,Qatar,Qatar,NA,Qatar,Qatar,,
Republic of Korea,Republic of Korea,the Republic of Korea,KOR,KR,410,KOR,117,202,South Korea,South Korea,SouthKorea,Republic of Korea,NA,Korea (South),"Korea, Republic of",,
Republic of Moldova,Republic of Moldova,the Republic of Moldova,MDA,MD,498,MDA,146,165,Moldova,Rest of Europe East Other,Moldova,Moldova,NA,Moldova,Republic of Moldova,,
Reunion,NA,NA,NA,NA,NA,NA,NA,NA,Reunion,Rest of East Africa,NA,NA,NA,NA,Reunion,,
Romania,Romania,Romania,ROU,RO,642,ROU,183,203,Romania,Romania,Romania,Romania,NA,Romania,Romania,,
Russian Federation,Russian Federation,the Russian Federation,RUS,RU,643,RUS,185,204,Russia,Russia,Russia,Russian Federation,NA,Russia,Russia,,
Rwanda,Rwanda,the Republic of Rwanda,RWA,RW,646,RWA,184,205,Rwanda,Rest of East Africa,Rwanda,Rwanda,Rwanda,Rwanda,Rwanda,,
"Saint Helena, Ascension and Tristan da Cunha",NA,NA,NA,NA,NA,NA,NA,NA,Saint Helena,Rest of West Africa,NA,NA,NA,"Saint Helena, Ascension and Tristan da Cunha",Saint Helena,,
Saint Kitts and Nevis,Saint Kitts and Nevis,Saint Kitts and Nevis,KNA,KN,659,KNA,188,208,Saint Kitts and Nevis,Rest of Central America & Caribbean,NA,Saint Kitts and Nevis,NA,Saint Kitts and Nevis,Saint Kitts and Nevis,,
Saint Lucia,Saint Lucia,Saint Lucia,LCA,LC,662,LCA,189,209,Saint Lucia,Rest of Central America & Caribbean,StLucia,Saint Lucia,NA,Saint Lucia,Saint Lucia,,
Saint Pierre and Miquelon,NA,NA,NA,NA,NA,NA,NA,NA,Saint Pierre and Miquelon,Rest of North America,NA,NA,NA,Saint Pierre and Miquelon,Saint Pierre and Miquelon,,
Saint Vincent and the Grenadines,Saint Vincent and the Grenadines,Saint Vincent and the Grenadines,VCT,VC,670,VCT,191,211,Saint Vincent and the Grenadines,Rest of Central America & Caribbean,StVincent,Saint Vincent and the Grenadines,NA,Saint Vincent and the Grenadines,Saint Vincent and the Grenadines,,
Samoa,Samoa,the Independent State of Samoa,WSM,WS,882,WSM,244,212,Samoa Apia,Rest of Oceania,Samoa,Samoa,NA,Samoa,Samoa,,
San Marino,San Marino,the Republic of San Marino,SMR,SM,674,SMR,192,213,San Marino,Rest of Europe West Other,NA,San Marino,NA,San Marino,San Marino,,
Sao Tome and Principe,Sao Tome and Principe,the Democratic Republic of Sao Tome and Principe,STP,ST,678,STP,193,214,Sao Tome and Principe,Rest of West Africa,NA,NA,NA,Sao Tome and Principe,Sao Tome and Principe,,
Saudi Arabia,Saudi Arabia,the Kingdom of Saudi Arabia,SAU,SA,682,SAU,194,215,Saudi Arabia,Saudi Arabia,SaudiArabia,Saudi Arabia,Saudi Arabia,Saudi Arabia,Saudi Arabia,,
Senegal,Senegal,the Republic of Senegal,SEN,SN,686,SEN,195,217,Senegal,Rest of West Africa,Senegal,Senegal,Senegal,Senegal,Senegal,,
Serbia,Serbia,the Republic of Serbia,SRB,RS,688,SRB,272,2648,Serbia,Rest of Europe East Other,Serbia,Serbia,NA,Serbia,Serbia,,
Serbia and Montenegro,NA,NA,NA,NA,NA,NA,NA,NA,NA,NA,NA,NA,NA,NA,NA,,
Seychelles,Seychelles,the Republic of Seychelles,SYC,SC,690,SYC,196,220,Seychelles,Rest of East Africa,NA,Seychelles,NA,Seychelles,Seychelles,,
Sierra Leone,Sierra Leone,the Republic of Sierra Leone,SLE,SL,694,SLE,197,221,Sierra Leone,Rest of West Africa,SierraLeone,Sierra Leone,Sierra Leone,Sierra Leone,Sierra Leone,,
Singapore,Singapore,the Republic of Singapore,SGP,SG,702,SGP,200,222,Singapore,Singapore,Singapore,Singapore,NA,Singapore,Singapore,,
Slovakia,Slovakia,the Slovak Republic,SVK,SK,703,SVK,199,223,Slovakia,Slovakia,Slovakia,Slovakia,NA,Slovakia,Slovakia,,
Slovenia,Slovenia,the Republic of Slovenia,SVN,SI,705,SVN,198,224,Slovenia,Rest of EU New 13,Slovenia,Slovenia,NA,Slovenia,Slovenia,,
Solomon Islands,Solomon Islands,Solomon Islands,SLB,SB,90,SLB,25,225,Solomon Islands,Rest of Oceania,SolomonIslands,Solomon Islands,Solomon Islands,Solomon Islands,Solomon Islands,,
Somalia,Somalia,the Federal Republic of Somalia,SOM,SO,706,SOM,201,226,Somalia,Rest of East Africa,Somalia,Somalia,Somalia,Somalia,Somalia,,
South Africa,South Africa,the Republic of South Africa,ZAF,ZA,710,ZAF,202,227,South Africa,South Africa,SouthAfrica,South Africa,NA,South Africa,South Africa,,
South Sudan,South Sudan,the Republic of South Sudan,SSD,SS,728,SSD,277,74,South Sudan,Rest of East Africa,SouthSudan,South Sudan,South Sudan,South Sudan,South Sudan,,
Spain,Spain,the Kingdom of Spain,ESP,ES,724,ESP,203,229,Spain,Spain,Spain,Spain,NA,Spain,Spain,,
Sri Lanka,Sri Lanka,the Democratic Socialist Republic of Sri Lanka,LKA,LK,144,LKA,38,231,Sri Lanka,Rest of South Asia,SriLanka,Sri Lanka,Sri Lanka,Sri Lanka,Sri Lanka,,
Sudan,Sudan,the Republic of the Sudan,SDN,SD,736,SDN,276,40764,Sudan,Sudan,Sudan,Sudan,Sudan,Sudan,Sudan,,
Sudan (former),NA,NA,NA,NA,NA,NA,NA,NA,NA,NA,NA,NA,NA,NA,NA,,
Suriname,Suriname,the Republic of Suriname,SUR,SR,740,SUR,207,233,Suriname,Rest of South America,Suriname,Suriname,Suriname,Suriname,Suriname,,
Svalbard and Jan Mayen Islands,NA,NA,NA,NA,NA,NA,NA,NA,NA,NA,NA,NA,NA,Svalbard,Svalbard,,
Sweden,Sweden,the Kingdom of Sweden,SWE,SE,752,SWE,210,236,Sweden,Sweden,Sweden,Sweden,NA,Sweden,Sweden,,
Switzerland,Switzerland,the Swiss Confederation,CHE,CH,756,CHE,211,237,Switzerland,Switzerland,Switzerland,Switzerland,NA,Switzerland,Switzerland,,
Syrian Arab Republic,Syrian Arab Republic,the Syrian Arab Republic,SYR,SY,760,SYR,212,238,Syria,Syria,Syria,Syrian Arab Republic,NA,Syria,Syrian Arab Republic,,
"China, Taiwan Province of",NA,NA,NA,NA,NA,NA,NA,NA,Taiwan,Taiwan,NA,NA,NA,Taiwan,Taiwan,,
Tajikistan,Tajikistan,the Republic of Tajikistan,TJK,TJ,762,TJK,208,239,Tajikistan,Rest of Central Asia,Tajikistan,Tajikistan,NA,Tajikistan,Tajikistan,,
Thailand,Thailand,the Kingdom of Thailand,THA,TH,764,THA,216,240,Thailand,Thailand,Thailand,Thailand,Thailand,Thailand,Thailand,,
Timor-Leste,Timor-Leste,the Democratic Republic of Timor-Leste,TLS,TL,626,TLS,176,242,East Timor,Rest of SE Asia,TimorLeste,Timor-Leste,Timor-Leste,East Timor,Timor-Leste,,
Togo,Togo,the Togolese Republic,TGO,TG,768,TGO,217,243,Togo,Rest of West Africa,Togo,Togo,Togo,Togo,Togo,,
Tokelau,Tokelau,Tokelau,TKL,TK,772,TKL,218,244,Tokelau,Rest of Oceania,NA,NA,NA,Tokelau,Tokelau,,
Tonga,Tonga,the Kingdom of Tonga,TON,TO,776,TON,219,245,Tonga,Rest of Oceania,Tonga,Tonga,NA,Tonga,Tonga,,
Trinidad and Tobago,Trinidad and Tobago,the Republic of Trinidad and Tobago,TTO,TT,780,TTO,220,246,Trinidad and Tobago,Rest of Central America & Caribbean,TrinidadandTobago,Trinidad and Tobago,Trinidad & Tobago,Trinidad and Tobago,Trinidad and Tobago,,
Tunisia,Tunisia,the Republic of Tunisia,TUN,TN,788,TUN,222,248,Tunisia,Rest of North Africa,Tunisia,Tunisia,NA,Tunisia,Tunisia,,
Turkey,Turkey,the Republic of Turkey,TUR,TR,792,TUR,223,249,Turkey,Turkey,Turkey,Turkey,NA,Turkey,Turkey,,
Turkmenistan,Turkmenistan,Turkmenistan,TKM,TM,795,TKM,213,250,Turkmenistan,Turkmenistan,Turkmenistan,Turkmenistan,NA,Turkmenistan,Turkmenistan,,
Turks and Caicos Islands,NA,NA,NA,NA,NA,NA,NA,NA,Turks and Caicos Islands,Rest of Central America & Caribbean,NA,NA,NA,Turks and Caicos Islands,Turks and Caicos Islands,,
Tuvalu,Tuvalu,Tuvalu,TUV,TV,798,TUV,227,252,Tuvalu,Rest of Oceania,NA,NA,NA,Tuvalu,Tuvalu,,
Uganda,Uganda,the Republic of Uganda,UGA,UG,800,UGA,226,253,Uganda,Rest of East Africa,Uganda,Uganda,Uganda,Uganda,Uganda,,
Ukraine,Ukraine,Ukraine,UKR,UA,804,UKR,230,254,Ukraine,Ukraine,Ukraine,Ukraine,NA,Ukraine,Ukraine,,
United Arab Emirates,United Arab Emirates,the United Arab Emirates,ARE,AE,784,ARE,225,255,United Arab Emirates,United Arab Emirates,UnitedArabEmirates,United Arab Emirates,NA,United Arab Emirates,United Arab Emirates,,
United Kingdom,United Kingdom of Great Britain and Northern Ireland,the United Kingdom of Great Britain and Northern Ireland,GBR,GB,826,GBR,229,256,United Kingdom,United Kingdom,UnitedKingdom,United Kingdom,NA,United Kingdom of Great Britain and Northern Ireland,United Kingdom,,
United Kingdom of Great Britain and Northern Ireland,United Kingdom of Great Britain and Northern Ireland,the United Kingdom of Great Britain and Northern Ireland,GBR,GB,826,GBR,229,256,United Kingdom,United Kingdom,UnitedKingdom,United Kingdom,NA,United Kingdom of Great Britain and Northern Ireland,United Kingdom,,
United Republic of Tanzania,United Republic of Tanzania,the United Republic of Tanzania,TZA,TZ,834,TZA,215,257,Tanzania,Tanzania,Tanzania,Tanzania,Tanzania,Tanzania,United Republic of Tanzania,,
United States of America,United States of America,the United States of America,USA,US,840,USA,231,259,USA,USA,UnitedStatesofAmerica,United States,NA,United States of America,United States,,
United States Virgin Islands,NA,NA,NA,NA,NA,NA,NA,NA,Virgin Islands,Rest of Central America & Caribbean,NA,NA,NA,Virgin Islands of the U.S.,United States Virgin Islands,,
Uruguay,Uruguay,the Eastern Republic of Uruguay,URY,UY,858,URY,234,260,Uruguay,Rest of South America,Uruguay,Uruguay,NA,Uruguay,Uruguay,,
USSR,NA,NA,NA,NA,NA,NA,NA,NA,NA,NA,NA,NA,NA,NA,NA,,
Uzbekistan,Uzbekistan,the Republic of Uzbekistan,UZB,UZ,860,UZB,235,261,Uzbekistan,Uzbekistan,Uzbekistan,Uzbekistan,NA,Uzbekistan,Uzbekistan,,
Vanuatu,Vanuatu,the Republic of Vanuatu,VUT,VU,548,VUT,155,262,Vanuatu,Rest of Oceania,Vanuatu,Vanuatu,NA,Vanuatu,Vanuatu,,
Venezuela (Bolivarian Republic of),Venezuela (Bolivarian Republic of),the Bolivarian Republic of Venezuela,VEN,VE,862,VEN,236,263,Venezuela,Venezuela,Venezuela,Venezuela,Venezuela,Venezuela,Venezuela,,
Viet Nam,Viet Nam,the Socialist Republic of Viet Nam,VNM,VN,704,VNM,237,264,Vietnam,Vietnam,Vietnam,Vietnam,Vietnam,Vietnam,Viet Nam,,
Wallis and Futuna Islands,NA,NA,NA,NA,NA,NA,NA,NA,Wallis and Futuna,Rest of Oceania,NA,NA,NA,Wallis and Futuna,Wallis and Futuna Islands,,
Western Sahara,NA,NA,NA,NA,NA,NA,NA,NA,Western Sahara,Rest of West Africa,WesternSahara,NA,NA,Western Sahara,Western Sahara,,
Yemen,Yemen,the Republic of Yemen,YEM,YE,887,YEM,249,269,Yemen,Yemen,Yemen,Yemen,Yemen,Yemen,Yemen,,
Yugoslav SFR,NA,NA,NA,NA,NA,NA,NA,NA,NA,NA,NA,NA,NA,NA,NA,,
Zambia,Zambia,the Republic of Zambia,ZMB,ZM,894,ZMB,251,270,Zambia,Rest of Southern Africa,Zambia,Zambia,Zambia,Zambia,Zambia,,
Zimbabwe,Zimbabwe,the Republic of Zimbabwe,ZWE,ZW,716,ZWE,181,271,Zimbabwe,Rest of Southern Africa,Zimbabwe,Zimbabwe,Zimbabwe,Zimbabwe,Zimbabwe,,
NA,NA,NA,NA,NA,NA,NA,NA,NA,Sint Maarten,Rest of Central America & Caribbean,NA,NA,NA,Sint Maarten,Saint Martin,,
NA,NA,NA,NA,NA,NA,NA,NA,NA,Kosovo,Rest of Europe East Other,NA,NA,NA,Kosovo,NA,,
NA,NA,NA,NA,NA,NA,NA,NA,NA,Curaçao,Rest of Central America & Caribbean,NA,NA,NA,NA,NA,,
NA,NA,NA,NA,NA,NA,NA,NA,NA,NA,NA,NA,NA,NA,Antarctica,Antarctica,,
NA,NA,NA,NA,NA,NA,NA,NA,NA,NA,NA,NA,NA,NA,Bouvet Island,Bouvet Island,,
NA,NA,NA,NA,NA,NA,NA,NA,NA,NA,NA,NA,NA,NA,British Indian Ocean Territory,British Indian Ocean Territory,,
NA,NA,NA,NA,NA,NA,NA,NA,NA,NA,NA,NA,NA,NA,NA,Christmas Island,,
NA,NA,NA,NA,NA,NA,NA,NA,NA,NA,NA,NA,NA,NA,NA,Cocos (Keeling) Islands,,
NA,NA,NA,NA,NA,NA,NA,NA,NA,NA,NA,NA,NA,NA,French Southern and Antarctic Lands,French Southern and Antarctic Lands,,
NA,NA,NA,NA,NA,NA,NA,NA,NA,NA,NA,NA,NA,NA,Guernsey,Guernsey,,
NA,NA,NA,NA,NA,NA,NA,NA,NA,NA,NA,NA,NA,NA,Heard Island and McDonald Islands,Heard Island and McDonald Islands,,
NA,NA,NA,NA,NA,NA,NA,NA,NA,NA,NA,NA,NA,NA,Jersey,Jersey,,
NA,NA,NA,NA,NA,NA,NA,NA,NA,NA,NA,NA,NA,NA,NA,Saint Barthelemy,,
NA,NA,NA,NA,NA,NA,NA,NA,NA,NA,NA,NA,NA,NA,NA,South Georgia South Sandwich Islands,,
NA,NA,NA,NA,NA,NA,NA,NA,NA,NA,NA,NA,NA,NA,NA,United States Minor Outlying Islands,,
NA,NA,NA,NA,NA,NA,NA,NA,NA,NA,NA,NA,NA,NA,Saint Martin,NA,,
,,,,,,,,,,,,,,,,,
